{
    "PREP": 5.885829210281372,
    "EPOCHS": [
        12.049834728240967,
        9.802778005599976,
        9.801907300949097,
        9.86049509048462,
        9.792324304580688
    ],
    "EVAL": 1.1017296314239502
}