{
    "PREP": 5.826803922653198,
    "EPOCHS": [
        11.951654195785522,
        9.726987838745117,
        9.635995626449585,
        9.737293481826782,
        9.827864646911621
    ],
    "EVAL": 1.0840034484863281
}