{
    "PREP": 6.124925374984741,
    "EPOCHS": [
        12.435917615890503,
        9.731960535049438,
        9.672855377197266,
        9.927597284317017,
        10.031858682632446,
        10.100029945373535,
        9.864667892456055,
        9.843655109405518,
        9.994316577911377,
        9.915304899215698
    ],
    "EVAL": 1.1209819316864014
}