{
    "PREP": 5.866265296936035,
    "EPOCHS": [
        12.395657539367676,
        10.179478168487549,
        10.12675404548645,
        10.153387069702148,
        10.150750637054443
    ],
    "EVAL": 1.1485106945037842
}