{
    "PREP": 6.27263069152832,
    "EPOCHS": [
        11.976217985153198,
        9.536165237426758,
        9.572624921798706,
        9.54920244216919,
        9.483648300170898,
        9.517651319503784,
        9.537006378173828,
        9.590574264526367,
        9.524274826049805,
        9.503045797348022
    ],
    "EVAL": 1.0882205963134766
}