{
    "PREP": 5.880528688430786,
    "EPOCHS": [
        13.316646337509155,
        11.055151462554932,
        11.05799674987793,
        11.07928729057312,
        10.986175537109375
    ],
    "EVAL": 1.2229175567626953
}