{
    "PREP": 6.12907075881958,
    "EPOCHS": [
        12.246661186218262,
        9.885217905044556,
        9.881855726242065,
        9.86994194984436,
        9.899778366088867,
        9.910025596618652,
        9.972139358520508,
        9.983309507369995,
        9.983417272567749,
        10.063673257827759
    ],
    "EVAL": 1.1120624542236328
}