{
    "PREP": 6.216372728347778,
    "EPOCHS": [
        12.385234355926514,
        10.170584678649902,
        10.134382009506226,
        10.132524967193604,
        10.124631404876709
    ],
    "EVAL": 1.1543951034545898
}