{
    "PREP": 5.942965745925903,
    "EPOCHS": [
        12.07227611541748,
        9.696415185928345,
        9.684534072875977,
        9.715420246124268,
        9.842264652252197
    ],
    "EVAL": 1.105564832687378
}