{
    "PREP": 4.678955554962158,
    "EPOCHS": [
        13.556344270706177,
        12.268449068069458,
        12.558552026748657,
        12.215866088867188,
        12.180655479431152
    ]
}