{
    "PREP": 6.0066282749176025,
    "EPOCHS": [
        12.123281478881836,
        9.759975910186768,
        9.735216856002808,
        9.819637775421143,
        9.774216890335083
    ],
    "EVAL": 1.1061515808105469
}