{
    "PREP": 6.241936445236206,
    "EPOCHS": [
        12.201600551605225,
        9.729045867919922,
        9.645469188690186,
        9.664575099945068,
        9.76441502571106,
        9.708396673202515,
        9.781717777252197,
        9.791378259658813,
        9.807498455047607,
        9.811437845230103
    ],
    "EVAL": 1.0879404544830322
}