{
    "PREP": 5.942545175552368,
    "EPOCHS": [
        11.924713611602783,
        9.625731945037842,
        9.592316389083862,
        9.610949516296387,
        9.594612836837769
    ],
    "EVAL": 1.092374563217163
}