{
    "PREP": 5.826716184616089,
    "EPOCHS": [
        12.337282180786133,
        10.17454743385315,
        10.199331283569336,
        10.170325756072998,
        10.16527009010315
    ],
    "EVAL": 1.1409037113189697
}