{
    "PREP": 5.935553550720215,
    "EPOCHS": [
        11.977678537368774,
        9.796673774719238,
        9.628443479537964,
        9.684680223464966,
        9.646195411682129
    ],
    "EVAL": 1.0870354175567627
}