{
    "PREP": 6.10610818862915,
    "EPOCHS": [
        12.354806661605835,
        10.039801836013794,
        9.947656393051147,
        9.959720134735107,
        9.877654790878296,
        9.88504433631897,
        9.902061700820923,
        10.006179332733154,
        9.965909004211426,
        10.02761697769165
    ],
    "EVAL": 1.1375608444213867
}