{
    "PREP": 5.906034231185913,
    "EPOCHS": [
        13.386634111404419,
        11.107937335968018,
        11.091238498687744,
        11.059600353240967,
        11.080456018447876
    ],
    "EVAL": 1.2187881469726562
}