{
    "PREP": 6.184906005859375,
    "EPOCHS": [
        12.158834218978882,
        9.901636123657227,
        9.866864204406738,
        9.883047819137573,
        9.842021226882935
    ],
    "EVAL": 1.130058765411377
}