{
    "PREP": 5.855130434036255,
    "EPOCHS": [
        12.146556854248047,
        9.836755752563477,
        9.84061574935913,
        9.850060939788818,
        9.842413902282715
    ],
    "EVAL": 1.1405880451202393
}