{
    "PREP": 6.048792362213135,
    "EPOCHS": [
        12.461963891983032,
        9.97223949432373,
        9.963284015655518,
        9.9813814163208,
        9.978598833084106,
        10.003742694854736,
        10.013773918151855,
        10.011693477630615,
        10.007431983947754,
        9.972084999084473
    ],
    "EVAL": 1.1061749458312988
}