{
    "PREP": 5.8783278465271,
    "EPOCHS": [
        12.035314083099365,
        9.735969543457031,
        9.643628597259521,
        9.663771152496338,
        9.769598484039307
    ],
    "EVAL": 1.1029314994812012
}