{
    "PREP": 6.080060720443726,
    "EPOCHS": [
        12.729405879974365,
        10.262394189834595,
        10.297256469726562,
        10.287781000137329,
        10.314595699310303,
        10.295438051223755,
        10.256979942321777,
        10.25125765800476,
        10.253163576126099,
        10.293284893035889
    ],
    "EVAL": 1.147127628326416
}