{
    "PREP": 5.9439380168914795,
    "EPOCHS": [
        12.733478307723999,
        10.166149377822876,
        10.152728080749512,
        10.246248483657837,
        10.270051002502441,
        10.313312292098999,
        10.29818344116211,
        10.305262804031372,
        10.242768049240112,
        10.271510601043701
    ],
    "EVAL": 1.1589388847351074
}