{
    "PREP": 5.9196624755859375,
    "EPOCHS": [
        12.28112268447876,
        10.00160551071167,
        9.916505575180054,
        9.926369428634644,
        9.915278196334839
    ],
    "EVAL": 1.1447179317474365
}