{
    "PREP": 6.120903730392456,
    "EPOCHS": [
        12.33401346206665,
        10.017581701278687,
        9.986778497695923,
        10.049856185913086,
        10.111581802368164,
        10.078038692474365,
        10.012664794921875,
        9.96294903755188,
        9.92423415184021,
        9.984631061553955
    ],
    "EVAL": 1.111757755279541
}