{
    "PREP": 6.1026365756988525,
    "EPOCHS": [
        12.402251720428467,
        9.97873044013977,
        9.962119340896606,
        9.948469400405884,
        9.935174465179443,
        9.963302373886108,
        9.975236415863037,
        10.012528896331787,
        10.119736909866333,
        10.062944173812866
    ],
    "EVAL": 1.126067876815796
}