{
    "PREP": 6.053662300109863,
    "EPOCHS": [
        11.932003736495972,
        9.628297567367554,
        9.659574508666992,
        9.66046404838562,
        9.725463151931763,
        9.68397045135498,
        9.676724195480347,
        9.676402807235718,
        9.694043636322021,
        9.65811562538147
    ],
    "EVAL": 1.1245594024658203
}