{
    "PREP": 5.868778467178345,
    "EPOCHS": [
        11.946632385253906,
        9.64002013206482,
        9.609991788864136,
        9.601831674575806,
        9.655138492584229
    ],
    "EVAL": 1.1106297969818115
}