{
    "PREP": 6.117676496505737,
    "EPOCHS": [
        12.266913175582886,
        9.76844048500061,
        9.687329292297363,
        9.728061437606812,
        9.749083280563354,
        9.722723245620728,
        9.751222610473633,
        9.681280136108398,
        9.776700258255005,
        9.729357719421387
    ],
    "EVAL": 1.0970923900604248
}