{
    "PREP": 5.941163063049316,
    "EPOCHS": [
        12.262856721878052,
        9.968734502792358,
        9.956183671951294,
        9.944990873336792,
        9.965124607086182
    ],
    "EVAL": 1.144113540649414
}