{
    "PREP": 5.849895477294922,
    "EPOCHS": [
        11.872181177139282,
        9.64407753944397,
        9.618295192718506,
        9.596638917922974,
        9.661649227142334
    ],
    "EVAL": 1.1059329509735107
}