{
    "PREP": 5.828202724456787,
    "EPOCHS": [
        11.984559535980225,
        9.705507040023804,
        9.711596488952637,
        9.678271532058716,
        9.68471074104309
    ],
    "EVAL": 1.0971078872680664
}