{
    "PREP": 5.851694822311401,
    "EPOCHS": [
        13.300131559371948,
        11.091959238052368,
        11.02756953239441,
        11.063994884490967,
        11.087418794631958
    ],
    "EVAL": 1.2262074947357178
}