{
    "PREP": 4.399170875549316,
    "EPOCHS": [
        19.02965235710144,
        18.13170051574707
    ]
}