{
    "PREP": 5.955732822418213,
    "EPOCHS": [
        12.417136192321777,
        10.208600759506226,
        10.167879581451416,
        10.138354778289795,
        10.095152378082275
    ],
    "EVAL": 1.1554667949676514
}