{
    "PREP": 5.921781063079834,
    "EPOCHS": [
        12.06485891342163,
        9.824963092803955,
        9.783931970596313,
        9.765929460525513,
        9.734847068786621
    ],
    "EVAL": 1.0932905673980713
}