{
    "PREP": 5.804064750671387,
    "EPOCHS": [
        11.968692779541016,
        9.719911575317383,
        9.637607336044312,
        9.598057746887207,
        9.70149302482605
    ],
    "EVAL": 1.0875244140625
}