{
    "PREP": 6.034473896026611,
    "EPOCHS": [
        12.133649587631226,
        9.928029298782349,
        9.835623025894165,
        9.825722932815552,
        9.875838994979858
    ],
    "EVAL": 1.1319575309753418
}