{
    "PREP": 5.926069498062134,
    "EPOCHS": [
        11.968658685684204,
        9.698779344558716,
        9.697522163391113,
        9.762800931930542,
        9.707726001739502
    ],
    "EVAL": 1.084252119064331
}