{
    "PREP": 6.0752153396606445,
    "EPOCHS": [
        13.285210132598877,
        11.061334371566772,
        11.070403814315796,
        11.066492795944214,
        11.089114427566528
    ],
    "EVAL": 1.2276160717010498
}