{
    "PREP": 6.113848686218262,
    "EPOCHS": [
        12.777721166610718,
        10.394712448120117,
        10.293421030044556,
        10.293558359146118,
        10.301161050796509,
        10.314733505249023,
        10.404439926147461,
        10.330501079559326,
        10.37476658821106,
        10.329534530639648
    ],
    "EVAL": 1.1566946506500244
}