{
    "PREP": 6.090785980224609,
    "EPOCHS": [
        12.102614879608154,
        9.824218511581421,
        9.7144296169281,
        9.739664554595947,
        9.75709319114685,
        9.717438459396362,
        9.689143180847168,
        9.67149829864502,
        9.702313661575317,
        9.809624671936035
    ],
    "EVAL": 1.1058986186981201
}