{
    "PREP": 5.864397048950195,
    "EPOCHS": [
        12.414175271987915,
        10.205145359039307,
        10.141018867492676,
        10.192603588104248,
        10.14755916595459
    ],
    "EVAL": 1.156066656112671
}