{
    "PREP": 6.000543832778931,
    "EPOCHS": [
        12.161389827728271,
        9.900264263153076,
        10.015344142913818,
        9.953225374221802,
        9.967121601104736
    ],
    "EVAL": 1.1544747352600098
}