{
    "PREP": 5.792538642883301,
    "EPOCHS": [
        12.184973955154419,
        9.958807945251465,
        9.938844680786133,
        9.915638446807861,
        9.96552324295044
    ],
    "EVAL": 1.1574022769927979
}