{
    "PREP": 6.010713815689087,
    "EPOCHS": [
        12.156326055526733,
        9.757721900939941,
        9.741808891296387,
        9.755412578582764,
        9.76812481880188
    ],
    "EVAL": 1.1111268997192383
}