{
    "PREP": 5.934134483337402,
    "EPOCHS": [
        11.855576992034912,
        9.605964183807373,
        9.626841306686401,
        9.641479015350342,
        9.641839981079102
    ],
    "EVAL": 1.1089963912963867
}