{
    "PREP": 5.847176551818848,
    "EPOCHS": [
        11.910115242004395,
        9.660488843917847,
        9.693933248519897,
        9.702279329299927,
        9.667291164398193
    ],
    "EVAL": 1.0989034175872803
}