{
    "PREP": 5.878523826599121,
    "EPOCHS": [
        12.055503845214844,
        9.727479457855225,
        9.710721969604492,
        9.767854452133179,
        9.73624873161316
    ],
    "EVAL": 1.0940799713134766
}