{
    "PREP": 6.208867073059082,
    "EPOCHS": [
        12.328193187713623,
        9.960538625717163,
        9.924959421157837,
        9.97374153137207,
        10.076742887496948,
        10.030102491378784,
        10.01607370376587,
        10.05799388885498,
        10.035331964492798,
        9.9525785446167
    ],
    "EVAL": 1.1095123291015625
}