{
    "PREP": 6.172509431838989,
    "EPOCHS": [
        11.88127064704895,
        9.589601039886475,
        9.56355905532837,
        9.554889440536499,
        9.554316520690918,
        9.582396268844604,
        9.56542444229126,
        9.602702140808105,
        9.5717031955719,
        9.563423871994019
    ],
    "EVAL": 1.0939860343933105
}