{
    "PREP": 5.908911466598511,
    "EPOCHS": [
        12.125125646591187,
        9.828110218048096,
        9.791298866271973,
        9.922900199890137,
        9.888619899749756
    ],
    "EVAL": 1.1227147579193115
}