{
    "PREP": 6.099359750747681,
    "EPOCHS": [
        12.286490440368652,
        9.941515684127808,
        9.964539766311646,
        10.003155708312988,
        10.0062735080719,
        9.982027769088745,
        9.934482097625732,
        9.997162342071533,
        9.998476266860962,
        9.964213132858276
    ],
    "EVAL": 1.1046509742736816
}