{
    "PREP": 5.907927989959717,
    "EPOCHS": [
        13.358205795288086,
        11.049254179000854,
        11.033171653747559,
        11.10922122001648,
        11.109477996826172
    ],
    "EVAL": 1.2251698970794678
}