{
    "PREP": 5.85021710395813,
    "EPOCHS": [
        11.952925443649292,
        9.703909158706665,
        9.789603471755981,
        9.73007607460022,
        9.741852283477783
    ],
    "EVAL": 1.1146271228790283
}