{
    "PREP": 5.842720985412598,
    "EPOCHS": [
        12.08723783493042,
        9.839667558670044,
        9.753206491470337,
        9.754682540893555,
        9.76347303390503
    ],
    "EVAL": 1.0919315814971924
}