{
    "PREP": 5.91233229637146,
    "EPOCHS": [
        12.041832208633423,
        9.692405939102173,
        9.613147974014282,
        9.677786111831665,
        9.842390060424805
    ],
    "EVAL": 1.106257438659668
}