{
    "PREP": 9.257076978683472,
    "EPOCHS": [
        16.187175273895264,
        9.730037689208984,
        9.69412636756897,
        9.671708106994629,
        9.719542980194092,
        9.66668701171875,
        9.703869819641113,
        9.706374406814575,
        9.598689317703247,
        9.610931634902954
    ],
    "EVAL": 1.2177386283874512
}