{
    "PREP": 5.878170013427734,
    "EPOCHS": [
        12.052448034286499,
        9.74808406829834,
        9.634902000427246,
        9.783781290054321,
        9.776125431060791
    ],
    "EVAL": 1.0974891185760498
}