{
    "PREP": 6.0222649574279785,
    "EPOCHS": [
        12.247059106826782,
        9.93422794342041,
        9.926655530929565,
        9.96199655532837,
        9.928547859191895
    ],
    "EVAL": 1.1426517963409424
}