{
    "PREP": 5.8819520473480225,
    "EPOCHS": [
        12.116512060165405,
        9.811871767044067,
        9.799866199493408,
        9.79691219329834,
        9.815759420394897
    ],
    "EVAL": 1.0966110229492188
}