{
    "PREP": 5.872651100158691,
    "EPOCHS": [
        12.107922792434692,
        9.836633920669556,
        9.761867761611938,
        9.827693223953247,
        9.737060785293579
    ],
    "EVAL": 1.1215095520019531
}