{
    "PREP": 6.117111682891846,
    "EPOCHS": [
        12.567219495773315,
        10.253897190093994,
        10.24469804763794,
        10.336891651153564,
        10.281644105911255,
        10.272243738174438,
        10.349745750427246,
        10.355153322219849,
        10.281629085540771,
        10.287648439407349
    ],
    "EVAL": 1.1554648876190186
}