{
    "PREP": 6.13290810585022,
    "EPOCHS": [
        12.35356855392456,
        9.9972665309906,
        10.007765531539917,
        9.957298278808594,
        9.943862199783325,
        9.956681728363037,
        9.961703538894653,
        9.947798013687134,
        9.903986930847168,
        9.964430093765259
    ],
    "EVAL": 1.1153488159179688
}