{
    "PREP": 5.859186410903931,
    "EPOCHS": [
        12.182867765426636,
        9.95817232131958,
        9.818362951278687,
        9.8722403049469,
        9.83461046218872
    ],
    "EVAL": 1.102811574935913
}