{
    "PREP": 5.882800817489624,
    "EPOCHS": [
        12.203261613845825,
        9.88748550415039,
        9.834971189498901,
        9.846724033355713,
        9.850176572799683
    ],
    "EVAL": 1.1152219772338867
}