{
    "PREP": 6.204337120056152,
    "EPOCHS": [
        12.180245876312256,
        9.722249984741211,
        9.69619369506836,
        9.645783424377441,
        9.667107582092285,
        9.684446334838867,
        9.720451831817627,
        9.736679077148438,
        9.726871967315674,
        9.748766422271729
    ],
    "EVAL": 1.0979888439178467
}