{
    "PREP": 5.846131086349487,
    "EPOCHS": [
        12.02864933013916,
        9.678423881530762,
        9.61089301109314,
        9.546215057373047,
        9.575079679489136
    ],
    "EVAL": 1.086113691329956
}